title,price,url,brand,badges,sale_price,image
Hario V60 Measuring Scoop-White,5.0,https://prima-coffee.com/equipment/hario/m-12w-hario-sp,Hario,[],0.0,https://cdn11.bigcommerce.com/s-6h7ychjk4/products/10199/images/92140/hario-v60-coffee-scoop-1__12093.1625147073.1280.1280.jpg?c=1
Yama Bamboo Stir Stick for Siphon Brewing,5.0,https://prima-coffee.com/equipment/yama/es-1,Yama,[],0.0,https://cdn11.bigcommerce.com/s-6h7ychjk4/products/8073/images/88810/yama-bamboo-stick-wbg__66549.1597180596.1280.1280.jpg?c=1
"Hario Coffee Brown Paper Filter Size 02 for V60 Brewer, 40 Count (Un-tabbed)",6.0,https://prima-coffee.com/equipment/hario/vcf-02-40m-hario-sp,Hario,"['Recommended', 'Subscription']",0.0,https://cdn11.bigcommerce.com/s-6h7ychjk4/products/11070/images/94123/hario-v60-40count-wbg__47220.1721912594.1280.1280.jpg?c=1
Hario Paper Siphon Filters - 100 Pack,6.19,https://prima-coffee.com/equipment/hario/cf-103e,Hario,['Subscription'],0.0,https://cdn11.bigcommerce.com/s-6h7ychjk4/products/7979/images/88497/IMG_1611__11962.1597179723.1280.1280.jpg?c=1
1 oz. Coffee Scoop - 1 dozen,6.99,https://prima-coffee.com/equipment/rattleware/03717-rattl-sp,Rattleware,[],0.0,https://cdn11.bigcommerce.com/s-6h7ychjk4/products/7588/images/87256/espresso-supply-03717-coffee-scoop-1oz-1dozen-wbg__75946.1597175992.1280.1280.jpg?c=1
"Hario F-103S Filter for TCA, NXA, or SCA Series Syphons",6.99,https://prima-coffee.com/equipment/hario/f-103s-hario-sp,Hario,[],0.0,https://cdn11.bigcommerce.com/s-6h7ychjk4/products/8081/images/88840/hario-f-103s-cloth-siphon-filter-bottom__43817.1597180672.1280.1280.jpg?c=1
"Yama Coffee Syphon / Siphon Vacuum Pot Filters, Set of 5",9.5,https://prima-coffee.com/equipment/yama/cp-1,Yama,[],0.0,https://cdn11.bigcommerce.com/s-6h7ychjk4/products/8014/images/88612/yama-cp1-coffee-syphon-filters-setof5-wbg__42946.1701966189.1280.1280.jpg?c=1
Hario V60 Coffee Dripper Size 01,10.0,https://prima-coffee.com/equipment/hario/v60-01,Hario,[],0.0,https://cdn11.bigcommerce.com/s-6h7ychjk4/products/8439/images/90500/hario-v60-01-dripper-ceramic-white__05466.1601493621.1280.1280.jpg?c=1
Hario Paper Filter Holder for Siphons - with 50 Filters,11.0,https://prima-coffee.com/equipment/hario/f-103mn,Hario,[],0.0,https://cdn11.bigcommerce.com/s-6h7ychjk4/products/8080/images/88838/IMG_1607__20197.1597180667.1280.1280.jpg?c=1
Hario V60 Coffee Dripper Size 02,11.0,https://prima-coffee.com/equipment/hario/v60-02,Hario,['Recommended'],0.0,https://cdn11.bigcommerce.com/s-6h7ychjk4/products/8440/images/90515/hario-v60-02-dripper-ceramic-white__68615.1600452350.1280.1280.jpg?c=1
Specialty Turkish Coffee Olivewood Stirring Paddle,12.0,https://prima-coffee.com/equipment/specialty-turkish-coffee/stc-paddle,Specialty Turkish Coffee,[],0.0,https://cdn11.bigcommerce.com/s-6h7ychjk4/products/8383/images/90273/stc-paddle__75491.1597183967.1280.1280.jpg?c=1
Able Heat Lid for Chemex Brewers,12.0,https://prima-coffee.com/equipment/able/heat-lid-black,Able,[],0.0,https://cdn11.bigcommerce.com/s-6h7ychjk4/products/8142/images/89119/heat-stopper-chemex-black__68077.1597181378.1280.1280.jpg?c=1
Kruve Coffee Brew Stick,12.99,https://prima-coffee.com/equipment/kruve-inc/kvq1019-kr-in-pp,"Kruve, Inc",['Out Of Stock'],0.0,https://cdn11.bigcommerce.com/s-6h7ychjk4/products/8995/images/89344/kruve-brew-stick-colors-WBG__64201.1597181849.1280.1280.jpg?c=1
"CoffeeSock Cloth Filter for Chemex 6, 8, and 10 Cup",13.99,https://prima-coffee.com/equipment/coffeesock/cs-x6,CoffeeSock,[],0.0,https://cdn11.bigcommerce.com/s-6h7ychjk4/products/8018/images/95053/X6HALFMOON__49140.1683739176.1280.1280.jpg?c=1
CoffeeSock Cloth Filter for Hario V60 02,13.99,https://prima-coffee.com/equipment/coffeesock/cs-v2,CoffeeSock,[],0.0,https://cdn11.bigcommerce.com/s-6h7ychjk4/products/8017/images/95054/V2__64267.1683739781.1280.1280.jpg?c=1
Hario Mizudashi Cold Brew Coffee Pot,14.03,https://prima-coffee.com/equipment/hario/mcpn-14b,Hario,"['On Sale', 'Recommended']",16.5,https://cdn11.bigcommerce.com/s-6h7ychjk4/products/8256/images/89644/hario-coffee-pot-mini-black-wbg__16645.1597182512.1280.1280.jpg?c=1
"Revolution Easy Steam Thermometer, 5"" Stem",14.99,https://prima-coffee.com/equipment/revolution/11160-revol-sp,Revolution,[],0.0,https://cdn11.bigcommerce.com/s-6h7ychjk4/products/7615/images/91355/thermometer-1__25311.1618861006.1280.1280.jpg?c=1
Kruve Brewler,14.99,https://prima-coffee.com/equipment/kruve-inc/kvs2020-kr-in-sp,"Kruve, Inc",['Out Of Stock'],0.0,https://cdn11.bigcommerce.com/s-6h7ychjk4/products/9971/images/91823/new-cruve-sifter-1__03424.1617368268.1280.1280.jpg?c=1
Able DISK-Fine Filter for AeroPress,15.0,https://prima-coffee.com/equipment/able/disk-fine,Able,[],0.0,https://cdn11.bigcommerce.com/s-6h7ychjk4/products/8042/images/88695/able-disk-fine-filter__02365.1660057509.1280.1280.jpg?c=1
Third Wave Water TDS Meter,15.0,https://prima-coffee.com/equipment/third-wave-water/tds-th-wa-sp,Third Wave Water,[],0.0,https://cdn11.bigcommerce.com/s-6h7ychjk4/products/10073/images/91712/thirdwavewater-tds-meter__93436.1614627736.1280.1280.jpg?c=1
Able DISK Filter for AeroPress,15.0,https://prima-coffee.com/equipment/able/disk,Able,[],0.0,https://cdn11.bigcommerce.com/s-6h7ychjk4/products/8041/images/88692/able-disk-filter__56189.1597180256.1280.1280.jpg?c=1
Origami Resin Dripper Holder,15.0,https://prima-coffee.com/equipment/origami-japan/od-h-w-sl-po-sp,Origami Japan,[],0.0,https://cdn11.bigcommerce.com/s-6h7ychjk4/products/11144/images/95697/Origami-Resin-Dripper-Holder__37913.1702403466.1280.1280.jpg?c=1
Hario Coffee Dripper V60 Size 03 Clear Plastic,15.5,https://prima-coffee.com/equipment/hario/vd-03t,Hario,[],0.0,https://cdn11.bigcommerce.com/s-6h7ychjk4/products/8461/images/91101/hario-v60-size-03-th__76283.1602007208.1280.1280.jpg?c=1
Hatfields London Nitrogen Coffee Cocktail Chargers for the NitroPress (Box of 10),15.99,https://prima-coffee.com/equipment/hatfields-london/hlc-0001-hatfi,NitroPress,[],0.0,https://cdn11.bigcommerce.com/s-6h7ychjk4/products/8147/images/89168/hatfields-london-n2-chargers-nitropress-3__70298.1597181434.1280.1280.jpg?c=1
Third Wave Water 1 Gallon Sticks - 12 Dose Pack,16.0,https://prima-coffee.com/equipment/third-wave-water/third-wave-water,Third Wave Water,"['Recommended', 'Subscription']",0.0,https://cdn11.bigcommerce.com/s-6h7ychjk4/products/8420/images/96514/1G_Light_Front__60845.1733503506.1280.1280.jpg?c=1
Stainless Yama Coffee Siphon Filter,16.0,https://prima-coffee.com/equipment/yama/yamftlfl,Yama,['Subscription'],0.0,https://cdn11.bigcommerce.com/s-6h7ychjk4/products/8537/images/90857/yama-stainless-siphon-filter__86052.1597185383.1280.1280.jpg?c=1
Sibarist FAST Filters for Kalita 185,16.0,https://prima-coffee.com/equipment/sibarist/fast-flat-sibar-pp,Sibarist,['Subscription'],0.0,https://cdn11.bigcommerce.com/s-6h7ychjk4/products/10612/images/94225/sibarist-kalita-wbg-1__26848.1657552755.1280.1280.jpg?c=1
Sibarist FAST Filters for Hario V60 01/02,16.0,https://prima-coffee.com/equipment/sibarist/fastfilters-sibar-pp,Sibarist,['Subscription'],0.0,https://cdn11.bigcommerce.com/s-6h7ychjk4/products/9912/images/88847/sibarist-filters-front__08989.1597180718.1280.1280.jpg?c=1
Bee House Ceramic Coffee Dripper,19.99,https://prima-coffee.com/equipment/zero-japan/bkk-15l-wh,Zero Japan,['Recommended'],0.0,https://cdn11.bigcommerce.com/s-6h7ychjk4/products/8721/images/88249/beehouse-dripper-yellow__67300.1597179148.1280.1280.jpg?c=1
Crystal Eye Dripper 02,20.0,https://prima-coffee.com/equipment/timemore/70tdp008aa101-timem-sp,Timemore,['Out Of Stock'],0.0,https://cdn11.bigcommerce.com/s-6h7ychjk4/products/10025/images/91433/timemore-dripper-wbg-1__16277.1607712060.1280.1280.jpg?c=1
Large Digit Airpot Timer,21.99,https://prima-coffee.com/equipment/espresso-supply/02626-es-su-sp,CDN,[],0.0,https://cdn11.bigcommerce.com/s-6h7ychjk4/products/7558/images/87241/espresso-supply-02626-large-digit-airpot-timer-wbg__16591.1598630517.1280.1280.jpg?c=1
Yama Siphon Top Glass Replacement for TCA-3D,22.0,https://prima-coffee.com/parts/yama/tca-3d-top,Yama,[],0.0,https://cdn11.bigcommerce.com/s-6h7ychjk4/products/8409/images/90397/3-cup-top2__55077.1597184227.1280.1280.jpg?c=1
Yama Siphon Bottom Glass Replacement for TCA-3D,22.0,https://prima-coffee.com/parts/yama/tca-3d-bottom,Yama,[],0.0,https://cdn11.bigcommerce.com/s-6h7ychjk4/products/8408/images/90396/3-cup-bottom__46192.1597184220.1280.1280.jpg?c=1
Yama Siphon Bottom Glass Replacement Part for TCA-5D,22.0,https://prima-coffee.com/parts/yama/tca-5d-bottom,Yama,[],0.0,https://cdn11.bigcommerce.com/s-6h7ychjk4/products/8412/images/90403/5-cup-bottom__36505.1597184249.1280.1280.jpg?c=1
Hario V60 Ceramic Filter Holder,23.5,https://prima-coffee.com/equipment/hario/vps-100w,Hario,[],0.0,https://cdn11.bigcommerce.com/s-6h7ychjk4/products/8481/images/90672/hario-vps-100w-filter-holder__67943.1597184887.1280.1280.jpg?c=1
notNeutral - GINO Glass Coffee Dripper,24.0,https://prima-coffee.com/equipment/notneutral/gino-dripper,notNeutral,[],0.0,https://cdn11.bigcommerce.com/s-6h7ychjk4/products/8126/images/89062/notneutral-gino-dripper__56459.1597181209.1280.1280.jpg?c=1
Baratza Sette Single Dose Hopper,24.0,https://prima-coffee.com/equipment/baratza/s916-b-barat-sp,Baratza,[],0.0,https://cdn11.bigcommerce.com/s-6h7ychjk4/products/11311/images/95324/SP0101640.SetteSingleDoseHopperBlack.s916B-_Full_Res-Grey-1300x1300__44766.1693934688.1280.1280.jpg?c=1
Hario V60 Fretta Iced Coffee Brewer,24.5,https://prima-coffee.com/equipment/hario/vic-02b,Hario,[],0.0,https://cdn11.bigcommerce.com/s-6h7ychjk4/products/8472/images/90633/hario-fretta-iced-brewer__10280.1597184830.1280.1280.jpg?c=1
Yama Siphon Top Glass Replacement for TCA-5D,27.0,https://prima-coffee.com/parts/yama/tca-5d-top,Yama,[],0.0,https://cdn11.bigcommerce.com/s-6h7ychjk4/products/8413/images/90404/5-cup-top__14089.1597184258.1280.1280.jpg?c=1
Fetco F003 filters 9 3/4 in. X 4 1/2 in. 1000 Count,28.73,https://prima-coffee.com/equipment/fetco/f003,Fetco,"['On Sale', 'Free Shipping', 'Subscription']",39.99,https://cdn11.bigcommerce.com/s-6h7ychjk4/products/8084/images/88844/f003__63168.1597180699.1280.1280.jpg?c=1
Jennings CJ4000 Scale,29.0,https://prima-coffee.com/equipment/jennings/sccj4000bk,Jennings,['Recommended'],0.0,https://cdn11.bigcommerce.com/s-6h7ychjk4/products/8356/images/90186/jenning-cj4000-front__89165.1597183677.1280.1280.jpg?c=1
Fellow Atmos Vacuum Canister,29.95,https://prima-coffee.com/equipment/fellow-products/1168-fe-pr-pp,Fellow Products,[],0.0,https://cdn11.bigcommerce.com/s-6h7ychjk4/products/9976/images/91258/Screen_Shot_2020-10-23_at_3.48.13_PM__40566.1603901276.1280.1280.png?c=1
The Coffee Brewer's Logbook,30.0,https://prima-coffee.com/equipment/prima-coffee/thcffbrwrlg-th-co-sp,The Coffee Brewer's Logbook,[],0.0,https://cdn11.bigcommerce.com/s-6h7ychjk4/products/10107/images/91872/the-coffee-brewers-log-book-wbg-2__84831.1619782301.1280.1280.jpg?c=1
Cona Glass Filter Rod For Siphon Brewers,30.0,https://prima-coffee.com/equipment/cona/cona-rod,Cona,[],0.0,https://cdn11.bigcommerce.com/s-6h7ychjk4/products/8013/images/94938/Cona-Dripping-Rod-WBG-1__06885.1682002775.1280.1280.jpg?c=1
Hario V60 Drip Decanter,30.5,https://prima-coffee.com/equipment/hario/vdd-02b,Hario,['Recommended'],0.0,https://cdn11.bigcommerce.com/s-6h7ychjk4/products/8615/images/90599/hario-v60-drip-decanter__65143.1597184759.1280.1280.jpg?c=1
32 oz AirScape Coffee Storage Container,31.0,https://prima-coffee.com/equipment/planetary-design/airscape-bl-s,Planetary Design,[],0.0,https://cdn11.bigcommerce.com/s-6h7ychjk4/products/7845/images/93099/Airscape_Stainless_CoffeeCanister_Matte_Black_AS1704_02_web__03797.1646240355.1280.1280.jpg?c=1
Hario Metal Coffee Press,31.05,https://prima-coffee.com/equipment/hario/hario-coffee-press,Hario,"['Out Of Stock', 'On Sale']",34.5,https://cdn11.bigcommerce.com/s-6h7ychjk4/products/8138/images/89100/hario-bright-j-wbg__71135.1597181333.1280.1280.jpg?c=1
Clever Coffee Dripper,34.95,https://prima-coffee.com/equipment/abid/clever-abid-pp,Abid,['Recommended'],0.0,https://cdn11.bigcommerce.com/s-6h7ychjk4/products/11348/images/95595/abid-clever-coffee-dripper-v2-wbg__45078.1597179840.1280.1280__90182.1698421930.1280.1280.jpg?c=1
Espro BLOOM Pour Over Coffee Dripper,34.95,https://prima-coffee.com/equipment/espro/7018-bs-gr-espro-sp,Espro,[],0.0,https://cdn11.bigcommerce.com/s-6h7ychjk4/products/10037/images/91512/espro-bloom-wbg-4__26499.1609943621.1280.1280.jpg?c=1
Curtis WC-3417 Plastic Brew Cone Assembly with Splash Pocket,34.99,https://prima-coffee.com/equipment/curtis/wc-3417,Curtis,['Free Shipping'],0.0,https://cdn11.bigcommerce.com/s-6h7ychjk4/products/8495/images/90727/wc-3417__69726.1597185031.1280.1280.jpg?c=1
Curtis 12 1/2 x 4 in. Filters for GemX Coffee Brewers - 500 Count,34.99,https://prima-coffee.com/equipment/curtis/gem-6,Curtis,"['Free Shipping', 'Subscription']",0.0,https://cdn11.bigcommerce.com/s-6h7ychjk4/products/8120/images/89020/gem-6__06704.1597181115.1280.1280.jpg?c=1
Waterproof Timer,35.99,https://prima-coffee.com/equipment/espresso-supply/02627-es-su-sp,CDN,[],0.0,https://cdn11.bigcommerce.com/s-6h7ychjk4/products/7573/images/92253/waterproof-timer-wbg-1__21891.1629473562.1280.1280.jpg?c=1
64 oz AirScape Coffee Storage Container,36.0,https://prima-coffee.com/equipment/planetary-design/airscape-bl-l,Planetary Design,[],0.0,https://cdn11.bigcommerce.com/s-6h7ychjk4/products/7844/images/93101/Airscape_Stainless_CoffeeCanister_Matte_Black_AS1707_02_web__09410.1646240640.1280.1280.jpg?c=1
Kalita Wave Drippers,36.0,https://prima-coffee.com/equipment/kalita/wave-dripper,Kalita,['Recommended'],0.0,https://cdn11.bigcommerce.com/s-6h7ychjk4/products/8491/images/90710/kalita-wave-dripper-155-glass__81343.1634771544.1280.1280.jpg?c=1
Able Fourth Generation KONE Stainless Steel Filter,39.5,https://prima-coffee.com/equipment/able/kone,Able,[],0.0,https://cdn11.bigcommerce.com/s-6h7ychjk4/products/8179/images/91113/able-kone-wbg-1__43785.1597181785__69715.1602089386.1280.1280.png?c=1
AeroPress Original Coffee Maker,39.95,https://prima-coffee.com/equipment/aeropress/aeropress,AeroPress,['Recommended'],0.0,https://cdn11.bigcommerce.com/s-6h7ychjk4/products/7835/images/94048/aeropress-wbg-1__16672.1650898311.1280.1280.jpg?c=1
Rhino Coffee Gear Bean Scoop 2.2lbs,39.95,https://prima-coffee.com/equipment/rhino-coffee-gear/rhbnscp-rh-co-sp,Rhino Coffee Gear,[],0.0,https://cdn11.bigcommerce.com/s-6h7ychjk4/products/10108/images/91858/rhino-bean-scoop-wbg-6__40818.1619556822.1280.1280.jpg?c=1
Curtis 15 x 5 1/2 in. Filters for GemX Coffee Brewers - 500 Count,39.99,https://prima-coffee.com/equipment/curtis/gem-6-101,Curtis,"['Free Shipping', 'Subscription']",0.0,https://cdn11.bigcommerce.com/s-6h7ychjk4/products/9241/images/89021/gem-6-101__32561.1627417219.1280.1280.jpg?c=1
Fetco F002 filters 13 in. X 5 in. 500 Count,39.99,https://prima-coffee.com/equipment/fetco/f002,Fetco,['Subscription'],0.0,https://cdn11.bigcommerce.com/s-6h7ychjk4/products/8083/images/88843/fetco-f002-filters__83812.1597180692.1280.1280.jpg?c=1
"Fetco F008 Filters 10 5/8"" x 4 1/2"" 1000 Count",39.99,https://prima-coffee.com/equipment/fetco/f00800000-fetco-sp,Fetco,['Subscription'],0.0,https://cdn11.bigcommerce.com/s-6h7ychjk4/products/10010/images/91369/fetco-f002-filters__83812.1597180692__83565.1606486751.1280.1280.jpg?c=1
Origami Dripper - Medium,40.0,https://prima-coffee.com/equipment/origami-japan/od-m-sl-po-pp,Origami Japan,[],0.0,https://cdn11.bigcommerce.com/s-6h7ychjk4/products/11143/images/94459/Origami-Dripper-WBG-4__01322.1666882270.1280.1280.jpg?c=1
Woodneck Pour Over Coffee Drip Pot,40.5,https://prima-coffee.com/equipment/hario/dpw-3,Hario,[],0.0,https://cdn11.bigcommerce.com/s-6h7ychjk4/products/8051/images/92681/hario-dpws-1__42743.1635345044.1280.1280.jpg?c=1
Chemex 3-cup Coffee Maker,41.94,https://prima-coffee.com/equipment/chemex/3-cup-chemex,Chemex,['On Sale'],44.15,https://cdn11.bigcommerce.com/s-6h7ychjk4/products/7683/images/87469/chemex-3-cups-classic__34398.1597176686.1280.1280.jpg?c=1
Hario V60 Glass Dripper with Olivewood,42.5,https://prima-coffee.com/equipment/hario/vdg-01-ov,Hario,['Recommended'],0.0,https://cdn11.bigcommerce.com/s-6h7ychjk4/products/8465/images/90605/hario-v60-dripper-olivewood-02__10147.1601910743.1280.1280.jpg?c=1
Hario Switch V60 Immersion Dripper,44.5,https://prima-coffee.com/equipment/hario/ssd-200-b-hario-pp,Hario,[],0.0,https://cdn11.bigcommerce.com/s-6h7ychjk4/products/10095/images/91827/hario-switch-wbg-1__23989.1617909521.1280.1280.jpg?c=1
Fetco F001 filters 15 in. X 5 1/2 in. 500 Count,44.99,https://prima-coffee.com/equipment/fetco/f001,Fetco,"['Free Shipping', 'Subscription']",0.0,https://cdn11.bigcommerce.com/s-6h7ychjk4/products/8082/images/88842/f001__48475.1597180686.1280.1280.jpg?c=1
Chemex 6 Cup Coffee Maker - Classic & Glass Handle Styles,47.03,https://prima-coffee.com/equipment/chemex/6-cup-chemex,Chemex,['On Sale'],49.5,https://cdn11.bigcommerce.com/s-6h7ychjk4/products/7762/images/87684/chemex-6-cups-classic__15623.1597177401.1280.1280.jpg?c=1
Chemex 8 Cup Coffee Maker - Classic & Glass Handle Styles,48.93,https://prima-coffee.com/equipment/chemex/8-cup-chemex,Chemex,['On Sale'],51.5,https://cdn11.bigcommerce.com/s-6h7ychjk4/products/7777/images/87732/chemex-8-cup-classic__01929.1597177527.1280.1280.jpg?c=1
AeroPress Go Travel Coffee Maker,49.95,https://prima-coffee.com/equipment/aeropress/10r11-aerop-sp,AeroPress,[],0.0,https://cdn11.bigcommerce.com/s-6h7ychjk4/products/9961/images/91166/Front__99589.1602860245.1280.1280.jpg?c=1
AeroPress Coffee Maker (Clear),49.95,https://prima-coffee.com/equipment/aeropress/aeropress-clear-aerop-sp,AeroPress,[],0.0,https://cdn11.bigcommerce.com/s-6h7ychjk4/products/11267/images/95083/AeroPress_Clear_WBG__35397.1685125682.1280.1280.jpg?c=1
Fetco B015280BN2 16 in. x 6 in. Plastic Brew Basket,49.99,https://prima-coffee.com/equipment/fetco/b015280bn2,Fetco,['Free Shipping'],0.0,https://cdn11.bigcommerce.com/s-6h7ychjk4/products/7878/images/88124/fetco-basket-large-wbg__94490.1597178835.1280.1280.jpg?c=1
Fetco B014218BN2 13 in. x 5 in. Plastic Brew Basket,49.99,https://prima-coffee.com/equipment/fetco/b014218bn2,Fetco,['Free Shipping'],0.0,https://cdn11.bigcommerce.com/s-6h7ychjk4/products/7877/images/88121/fetco-basket-small-wbg__11791.1597178829.1280.1280.jpg?c=1
Chemex 10 Cup Coffee Maker - Classic & Glass Handle Styles,50.83,https://prima-coffee.com/equipment/chemex/10-cup-chemex,Chemex,['On Sale'],53.5,https://cdn11.bigcommerce.com/s-6h7ychjk4/products/7439/images/87294/chemex-10-cup-classic-copy__15582.1597176097.1280.1280.jpg?c=1
Yama BN-1 Butane Burner for Siphon Brewer,51.0,https://prima-coffee.com/equipment/yama/bn1,Yama,[],0.0,https://cdn11.bigcommerce.com/s-6h7ychjk4/products/7907/images/88267/yama-bn1-butane-burner-siphon-brewer-wbg__29559.1597179190.1280.1280.jpg?c=1
Hario V60 Buono Kettle - Japanese Made,52.5,https://prima-coffee.com/equipment/hario/vkb-120hsv,Hario,['Recommended'],0.0,https://cdn11.bigcommerce.com/s-6h7ychjk4/products/8475/images/90638/hario-bouno-kettle-cse__74458.1597184844.1280.1280.jpg?c=1
Tricolate Coffee Brewer,52.99,https://prima-coffee.com/equipment/tricolate/trcltbrwr-trico-sp,Tricolate,[],0.0,https://cdn11.bigcommerce.com/s-6h7ychjk4/products/10088/images/92196/new-tricolate-web-6__25091.1646851195.1280.1280.jpg?c=1
Etkin Ceramic Coffee Dripper,55.0,https://prima-coffee.com/equipment/etkin/etkin-8-cup-dripper-etkin-sp,Etkin,['On Sale'],65.0,https://cdn11.bigcommerce.com/s-6h7ychjk4/products/11165/images/94888/Etkin-Ceramic-Coffee-Dripper-WBG-1_1__80857.1679933107.1280.1280.jpg?c=1
Oxo 6lb Precision Scale with Timer,55.99,https://prima-coffee.com/equipment/oxo/11212400-oxo-sp,OXO,[],0.0,https://cdn11.bigcommerce.com/s-6h7ychjk4/products/9945/images/91028/419f06f6-a84c-4e8f-99cb-2dccb4f58c04__44123.1601923227.1280.1280.jpg?c=1
OptiPure Water Test Kit,59.0,https://prima-coffee.com/equipment/optipure/180-80180,OptiPure,['Out Of Stock'],0.0,https://cdn11.bigcommerce.com/s-6h7ychjk4/products/7640/images/87420/optipure-water-test-kit-wbg__89742.1597176470.1280.1280.jpg?c=1
Curtis WC-3422 Plastic Brew Cone Assembly with Splash Pocket,59.99,https://prima-coffee.com/equipment/curtis/wc-3422,Curtis,[],0.0,https://cdn11.bigcommerce.com/s-6h7ychjk4/products/8496/images/90728/wc-3422__03202.1597185033.1280.1280.jpg?c=1
Litmus Coffee UFO Spray Head for Curtis Batch Brewers,60.0,https://prima-coffee.com/equipment/litmus-coffee-labs/ufo-curtis-li-co-sp,Litmus Coffee Labs,['Recommended'],0.0,https://cdn11.bigcommerce.com/s-6h7ychjk4/products/8436/images/90480/litmus-ufo-sprayhead-curtis-front__26453.1597184529.1280.1280.jpg?c=1
Hario Drip Scale,60.0,https://prima-coffee.com/equipment/hario/vst-2000-hario-pp,Hario,[],0.0,https://cdn11.bigcommerce.com/s-6h7ychjk4/products/8483/images/90677/hario-drip-scale__76652.1597184903.1280.1280.jpg?c=1
Hario Switch Immersion Dripper Server Set,60.5,https://prima-coffee.com/equipment/hario/ssd-5012-b-hario-sp,Hario,['Recommended'],0.0,https://cdn11.bigcommerce.com/s-6h7ychjk4/products/10553/images/92845/hario-switch-server-set-1__70727.1639157815.1280.1280.jpg?c=1
Peak Water Pitcher Starter Pack,62.0,https://prima-coffee.com/equipment/peak-water/pwj001-pe-wa-sp,Peak Water,"['Recommended', 'Free Shipping']",0.0,https://cdn11.bigcommerce.com/s-6h7ychjk4/products/9989/images/91300/peak-water-3__35312.1603998188.1280.1280.jpg?c=1
Yama Coffee Vacpot 5 Cup Stovetop Siphon/Syphon,63.0,https://prima-coffee.com/equipment/yama/sy-5bk,Yama,[],0.0,https://cdn11.bigcommerce.com/s-6h7ychjk4/products/8399/images/90371/yama-5-cup-stovetop__51492.1597184131.1280.1280.jpg?c=1
Timemore Black Mirror Basic 2 Coffee and Espresso Scale,65.0,https://prima-coffee.com/equipment/timemore/if11140026-timem-sp,Timemore,['Out Of Stock'],0.0,https://cdn11.bigcommerce.com/s-6h7ychjk4/products/9930/images/92100/timemore-black-mirror-basic-plus-scale-wbg-4__79073.1623963677.1280.1280.jpg?c=1
Kalita Wave Style Set,67.2,https://prima-coffee.com/equipment/kalita/35159,Kalita,[],0.0,https://cdn11.bigcommerce.com/s-6h7ychjk4/products/7709/images/87553/kalita-wave-style-set-assembly__31482.1597177000.1280.1280.jpg?c=1
Yama Coffee Vacpot 8 Cup Stovetop Siphon/Syphon,68.0,https://prima-coffee.com/equipment/yama/sy-8bk,Yama,[],0.0,https://cdn11.bigcommerce.com/s-6h7ychjk4/products/8400/images/91026/yamsy8-2_1__68169.1601922458.1280.1280.jpg?c=1
Specialty Turkish Coffee Stand X,69.0,https://prima-coffee.com/equipment/specialty-turkish-coffee/stc-stand-x-single,Specialty Turkish Coffee,['Out Of Stock'],0.0,https://cdn11.bigcommerce.com/s-6h7ychjk4/products/8385/images/90279/stc-stand-front__49852.1597183989.1280.1280.jpg?c=1
Hario Copper V60 Coffee Dripper Size 02,69.5,https://prima-coffee.com/equipment/hario/vdp-02cp,Hario,[],0.0,https://cdn11.bigcommerce.com/s-6h7ychjk4/products/8468/images/90609/hario-copper-v60-manu__35312.1597184789.1280.1280.jpg?c=1
Fetco F005 half-batch filters 18 1/2 in. X 7 1/2 in. 500 count.,69.99,https://prima-coffee.com/equipment/fetco/f005,Fetco,['Subscription'],0.0,https://cdn11.bigcommerce.com/s-6h7ychjk4/products/8086/images/88846/f005__26841.1597180713.1280.1280.jpg?c=1
Yama Coffee Vacpot 3 Cup Tabletop Siphon/Syphon,70.0,https://prima-coffee.com/equipment/yama/yamtca3d,Yama,[],0.0,https://cdn11.bigcommerce.com/s-6h7ychjk4/products/8542/images/90862/yama-yamtca3d-vacpot-3-cup-tabletop-siphon-wbg__21056.1597185407.1280.1280.jpg?c=1
Hario Bona Enamel Pouring Kettle 800 mL,72.5,https://prima-coffee.com/equipment/hario/bdk-80-w,Hario,['Recommended'],0.0,https://cdn11.bigcommerce.com/s-6h7ychjk4/products/7887/images/88168/hario-bona-enamel-pourover-kettle-800ml__53216.1597178955.1280.1280.jpg?c=1
Litmus Coffee UFO Spray Head for Fetco Batch Brewers,74.99,https://prima-coffee.com/equipment/litmus-coffee-labs/ufo-fetco-li-co-sp,Litmus Coffee Labs,['Recommended'],0.0,https://cdn11.bigcommerce.com/s-6h7ychjk4/products/8614/images/90484/litmus-ufo-sprayhead-fetco-front__53668.1597184535.1280.1280.jpg?c=1
Kalita Wave Pot Pouring Kettle - 1 Liter,75.0,https://prima-coffee.com/equipment/kalita/52073,Kalita,['Free Shipping'],0.0,https://cdn11.bigcommerce.com/s-6h7ychjk4/products/7751/images/87658/kalita-spout-kettle-side__02273.1597177327.1280.1280.jpg?c=1
Kalita Thin Spout Kettle - 700mL,75.0,https://prima-coffee.com/equipment/kalita/52055,Kalita,['Free Shipping'],0.0,https://cdn11.bigcommerce.com/s-6h7ychjk4/products/7747/images/87654/kalita-thin-spout-kettle-side1__04538.1597177308.1280.1280.jpg?c=1
Filter Grinding Accessories Bundle,76.99,https://prima-coffee.com/equipment/prima/filter-grinding-bundle-prima-bp,Prima Coffee,[],0.0,https://cdn11.bigcommerce.com/s-6h7ychjk4/products/11392/images/95861/Filter-Bundle-WBG__59950.1706713669.1280.1280.jpg?c=1
Yama Coffee Vacpot 5 Cup Tabletop Siphon/Syphon,78.0,https://prima-coffee.com/equipment/yama/yamtca5d,Yama,['Recommended'],0.0,https://cdn11.bigcommerce.com/s-6h7ychjk4/products/8543/images/91020/b002cvtktw.main__93875.1601919214.1280.1280.jpg?c=1
Hario Smart G Kettle,78.5,https://prima-coffee.com/equipment/hario/dkg-140-hario-pp,Hario,['On Sale'],80.0,https://cdn11.bigcommerce.com/s-6h7ychjk4/products/10080/images/91738/hario-smart-g-kettle-wbg-4__82085.1615908240.1280.1280.jpg?c=1
Specialty Turkish Coffee Pro 1 Cezve,82.0,https://prima-coffee.com/equipment/specialty-turkish-coffee/stc-pro,Specialty Turkish Coffee,['Free Shipping'],0.0,https://cdn11.bigcommerce.com/s-6h7ychjk4/products/8384/images/94374/STC_Pro1_1600px_2__59258.1661960721.1280.1280.jpg?c=1
Hario Olivewood Coffee Press,82.5,https://prima-coffee.com/equipment/hario/cpsw-2-ov,Hario,['Free Shipping'],0.0,https://cdn11.bigcommerce.com/s-6h7ychjk4/products/8653/images/88613/hario-cafe-press-olivewood-small-side%252520__45517.1597180018.1280.1280.jpg?c=1
Yield Design Glass French Press - 850 mL,84.99,https://prima-coffee.com/equipment/yield-design-co/gfr-clr,Yield Design Co.,['Out Of Stock'],0.0,https://cdn11.bigcommerce.com/s-6h7ychjk4/products/9061/images/89034/yield-french-press-glass-front-angle__30898.1597181146.1280.1280.jpg?c=1
Hario V60 Buono Electric Kettle - 0.8 Liter,86.5,https://prima-coffee.com/equipment/hario/evkb-80u-hsv,Hario,"['Free Shipping', 'Recommended']",0.0,https://cdn11.bigcommerce.com/s-6h7ychjk4/products/8078/images/88832/hario-elec-buono-2__88485.1597180644.1280.1280.jpg?c=1
Walkure Karlsbad Porcelain Pour Over Brewer,89.0,https://prima-coffee.com/equipment/walkure/walkure-karlsbad,Walkure,"['Out Of Stock', 'Free Shipping']",0.0,https://cdn11.bigcommerce.com/s-6h7ychjk4/products/8490/images/90707/walkure-karlsbad-side-wbg__58544.1597184981.1280.1280.jpg?c=1
Brewista Smart Scale II,89.95,https://prima-coffee.com/equipment/brewista/bssrb2-brewi-sp,Brewista,['Free Shipping'],0.0,https://cdn11.bigcommerce.com/s-6h7ychjk4/products/10081/images/91742/brewista-smart-scale-ii-wbg-3__13806.1615821780.1280.1280.jpg?c=1
Fellow Stagg Pouring Kettle,89.95,https://prima-coffee.com/equipment/fellow-products/fp1043,Fellow Products,"['Recommended', 'Free Shipping']",0.0,https://cdn11.bigcommerce.com/s-6h7ychjk4/products/8814/images/91040/829_source_1593532837__27123.1601930276.1280.1280.jpg?c=1
Fetco F004 filters 20 in. X 8 in. 500 Count,90.7,https://prima-coffee.com/equipment/fetco/f004,Fetco,"['On Sale', 'Free Shipping', 'Subscription']",104.99,https://cdn11.bigcommerce.com/s-6h7ychjk4/products/8085/images/88845/f004__55860.1597180703.1280.1280.jpg?c=1
Hario Tabletop Coffee Siphon,96.5,https://prima-coffee.com/equipment/hario/tca-5,Hario,"['Free Shipping', 'Recommended']",0.0,https://cdn11.bigcommerce.com/s-6h7ychjk4/products/8411/images/90399/hario-tabletop-coffee-siphon__95640.1597184239.1280.1280.jpg?c=1
Walkure Bayreuth Porcelain Pour Over Brewer,109.0,https://prima-coffee.com/equipment/walkure/walkure-bayreuth,Walkure,"['Out Of Stock', 'Free Shipping']",0.0,https://cdn11.bigcommerce.com/s-6h7ychjk4/products/8489/images/90702/walkure-bayreuth-wbg__72025.1597184970.1280.1280.jpg?c=1
Hario Coffee Siphon NEXT,115.0,https://prima-coffee.com/equipment/hario/nxa-5,Hario,['Free Shipping'],0.0,https://cdn11.bigcommerce.com/s-6h7ychjk4/products/8290/images/89835/hario-coffee-siphon-next-side__39043.1597182893.1280.1280.jpg?c=1
Espro Press 18oz & 32oz,119.95,https://prima-coffee.com/equipment/espro/espro-press,Espro,['Free Shipping'],0.0,https://cdn11.bigcommerce.com/s-6h7ychjk4/products/8076/images/88824/espro-metal-french-press-sm-filter__29583.1597180621.1280.1280.jpg?c=1
Yield Design Ceramic French Press - 850 mL,119.99,https://prima-coffee.com/equipment/yield-design-co/frs-gry,Yield Design Co.,['Free Shipping'],0.0,https://cdn11.bigcommerce.com/s-6h7ychjk4/products/9058/images/88975/yield-french-press-grey-ceramic-front-angle__55769.1597180970.1280.1280.jpg?c=1
Fetco A147 - Luxus S4S-10-1 Single Serving Station for L4S-10,129.99,https://prima-coffee.com/equipment/fetco/a147,Fetco,['Free Shipping'],0.0,https://cdn11.bigcommerce.com/s-6h7ychjk4/products/7817/images/87827/fe-a147__27534.1597178137.1280.1280.jpg?c=1
Hario Buono Copper Pouring Kettle 900 mL,130.0,https://prima-coffee.com/equipment/hario/vkbn-90cp-hario-sp,Hario,['Free Shipping'],0.0,https://cdn11.bigcommerce.com/s-6h7ychjk4/products/10050/images/91564/hario-buono-kettle-copper__00289.1611605456.1280.1280.jpg?c=1
Fetco A150 - Luxus S4S-15/20-1 Single Serving Station for L4S-15 & L4S-20,134.99,https://prima-coffee.com/equipment/fetco/a150,Fetco,['Free Shipping'],0.0,https://cdn11.bigcommerce.com/s-6h7ychjk4/products/7820/images/87830/L4-10-1-Stand-Left-Facing-Fetco__45215.1620932877.1280.1280.png?c=1
Origami Brew Bundle,144.99,https://prima-coffee.com/equipment/origami-japan/origami-brew-w-pr-co-bp,Origami Japan,['Free Shipping'],0.0,https://cdn11.bigcommerce.com/s-6h7ychjk4/products/11154/images/94506/Origami-Brew-Bundle-X54-WBG__89481.1668099680.1280.1280.jpg?c=1
Acaia Pearl Digital Scale with Bluetooth (2021),150.0,https://prima-coffee.com/equipment/acaia/pearl-scale,Acaia,"['Recommended', 'Free Shipping']",0.0,https://cdn11.bigcommerce.com/s-6h7ychjk4/products/8708/images/90976/acaia-pearl-white-wbg-WeB__54992.1646318376.1280.1280.jpg?c=1
Fetco d041 - 3.0 Liter Stainless Steel Lined Lever Airpot,154.99,https://prima-coffee.com/equipment/fetco/d041,Fetco,['Free Shipping'],0.0,https://cdn11.bigcommerce.com/s-6h7ychjk4/products/8021/images/88630/fetco-d041-3-liter-stainless-steel-lined-lever-airport__02629.1597180092.1280.1280.jpg?c=1
Voga Ground Control Preventative Maintenance Kit,160.0,https://prima-coffee.com/parts/voga/preventative-kit-voga-sp,Voga,"['Out Of Stock', 'Recommended']",0.0,https://cdn11.bigcommerce.com/s-6h7ychjk4/products/10238/images/92300/Ground_Control_Logo_copy__03305.1631125225.1280.1280.jpg?c=1
Hatfields London NitroPress Portable Handheld Nitro Dispenser (500ML),164.99,https://prima-coffee.com/equipment/hatfields-london/hld-0016-hatfi,NitroPress,"['Out Of Stock', 'Free Shipping', 'Recommended']",0.0,https://cdn11.bigcommerce.com/s-6h7ychjk4/products/8148/images/89172/hatfields-london-n2-chargers-nitropress-1__47927.1597181442.1280.1280.jpg?c=1
Fellow Stagg EKG Pro Electric Pouring Kettle,179.95,https://prima-coffee.com/equipment/fellow-products/1222pro-mb-us-fe-pr-pp,Fellow Products,['Recommended'],0.0,https://cdn11.bigcommerce.com/s-6h7ychjk4/products/11126/images/94453/Fellow-Stagg-EKG-Pro-Electric-Pouring-Kettle-WBG-3__53277.1666106559.1280.1280.jpg?c=1
Fetco B003218B1 13 in. x 5 in. Stainless Steel Brew Basket,179.99,https://prima-coffee.com/equipment/fetco/b003218b1,Fetco,['Free Shipping'],0.0,https://cdn11.bigcommerce.com/s-6h7ychjk4/products/7874/images/88111/fetco-basket-small-stainless-steel-wbg__58221.1597178812.1280.1280.jpg?c=1
Fetco D063 - 1 Gallon Stainless Steel Lined Lever Airpot,184.99,https://prima-coffee.com/equipment/fetco/d063,Fetco,['Free Shipping'],0.0,https://cdn11.bigcommerce.com/s-6h7ychjk4/products/8023/images/88632/fetco-d063__47600.1597180100.1280.1280.jpg?c=1
Curtis GemX IntelliFresh Single Satellite Remote Warming Stand,199.99,https://prima-coffee.com/equipment/curtis/gem5xsift,Curtis,['Free Shipping'],0.0,https://cdn11.bigcommerce.com/s-6h7ychjk4/products/9227/images/89025/gem5xsift__74982.1597181127.1280.1280.jpg?c=1
Alto Commercial Cold Brew Starter Kit,209.99,https://prima-coffee.com/equipment/alto/cmmrcl-cldbrw-strtr-kt-alto-sp,Alto,[],0.0,https://cdn11.bigcommerce.com/s-6h7ychjk4/products/10178/images/92054/alto-cold-brew-wbg-1__63168.1623166949.1280.1280.jpg?c=1
Fetco A148 - Luxus S4S-10-2 Twin Serving Station for L4S-10,214.99,https://prima-coffee.com/equipment/fetco/a148,Fetco,['Free Shipping'],0.0,https://cdn11.bigcommerce.com/s-6h7ychjk4/products/7818/images/87828/a148-twin__41278.1597178142.1280.1280.jpg?c=1
Fetco A151 - Luxus S4S-15/20-1 Twin Serving Station for L4S-15 & L4S-20,219.99,https://prima-coffee.com/equipment/fetco/a151,Fetco,['Free Shipping'],0.0,https://cdn11.bigcommerce.com/s-6h7ychjk4/products/7821/images/87831/L4-10-2-Stand-Left-Facing-Fetco__14465.1620932830.1280.1280.png?c=1
Acaia Pearl Model S Brewing Scale,220.0,https://prima-coffee.com/equipment/acaia/pearl-model-s-acaia-pp,Acaia,"['Free Shipping', 'Drop-Shipped']",0.0,https://cdn11.bigcommerce.com/s-6h7ychjk4/products/8842/images/90971/acaia-pearl-s-black-display-wbg__06149.1602084313.1280.1280.jpg?c=1
Technivorm Moccamaster Cup-One Automatic Coffee Maker,249.0,https://prima-coffee.com/equipment/technivorm/69212-techn-pp,Technivorm,"['Free Shipping', 'Drop-Shipped']",0.0,https://cdn11.bigcommerce.com/s-6h7ychjk4/products/11303/images/95215/Technivorm-Moccamaster-Cup-One-Automatic-Coffee-1__47860.1692361474.1280.1280.jpg?c=1
Fetco B001280B1 16 in. x 6 in. Stainless Steel Brew Basket,249.99,https://prima-coffee.com/equipment/fetco/b001280b1,Fetco,['Free Shipping'],0.0,https://cdn11.bigcommerce.com/s-6h7ychjk4/products/7873/images/88107/fetco-basket-large-stainless-steel-wbg__92042.1597178805.1280.1280.jpg?c=1
Ratio Four Automatic Coffee Maker,259.0,https://prima-coffee.com/equipment/ratio/r472-g-1-ratio-sp,Ratio,"['Out Of Stock', 'Free Shipping', 'Drop-Shipped']",0.0,https://cdn11.bigcommerce.com/s-6h7ychjk4/products/11478/images/96531/ratio4-black-A1__08987.1734023973.1280.1280.jpg?c=1
Turkish Coffee Kit,263.99,https://prima-coffee.com/equipment/prima-coffee/pcc-15-prima-bp,Prima Coffee,"['Out Of Stock', 'Free Shipping']",0.0,https://cdn11.bigcommerce.com/s-6h7ychjk4/products/8298/images/94822/Turkish-Coffee-Kit-WBG__43335.1677600154.1280.1280.jpg?c=1
Fetco A149 - Luxus S4S-10-3 Triple Serving Station for L4S-10,269.99,https://prima-coffee.com/equipment/fetco/a149,Fetco,['Free Shipping'],0.0,https://cdn11.bigcommerce.com/s-6h7ychjk4/products/7819/images/87829/a149__70194.1597178149.1280.1280.jpg?c=1
Fetco A152 - Luxus S4S-15/20-3 Triple Serving Station for L4S-15 & L4S-20,299.99,https://prima-coffee.com/equipment/fetco/a152,Fetco,['Free Shipping'],0.0,https://cdn11.bigcommerce.com/s-6h7ychjk4/products/7822/images/87832/L4-10-3-Stand-Left-Facing-Fetco__54119.1620932893.1280.1280.png?c=1
Yama Cold Coffee Brewer - 32 oz.,310.0,https://prima-coffee.com/equipment/yama/yamcdm8c,Yama,['Free Shipping'],0.0,https://cdn11.bigcommerce.com/s-6h7ychjk4/products/8807/images/90846/yama-cdm-8__17823.1597185350.1280.1280.jpg?c=1
Curtis ThermoPro 1.5 Gallon Stainless Vacuum Server,319.99,https://prima-coffee.com/equipment/curtis/txsg1501s600,Curtis,['Free Shipping'],0.0,https://cdn11.bigcommerce.com/s-6h7ychjk4/products/8435/images/90479/curtis-thermopro-one-half-gallon-server__62944.1597184519.1280.1280.jpg?c=1
Technivorm Moccamaster KBT Automatic Coffee Maker (40oz),329.0,https://prima-coffee.com/equipment/technivorm/79112-techn-pp,Technivorm,"['Free Shipping', 'Drop-Shipped']",0.0,https://cdn11.bigcommerce.com/s-6h7ychjk4/products/11301/images/95207/MoccaMaster_Set_79114_KBT_Black_3458-01_f87d1d23-354d-41ad-a773-5c9014f2a7bf-314429_800x__65492.1714399194.1280.1280.jpg?c=1
Technivorm Moccamaster KB Automatic Coffee Maker (40oz),329.0,https://prima-coffee.com/equipment/technivorm/59691-techn-sp,Technivorm,"['Free Shipping', 'Drop-Shipped']",0.0,https://cdn11.bigcommerce.com/s-6h7ychjk4/products/11304/images/95226/Technivorm-KB-WBG-2__87042.1692371735.1280.1280.jpg?c=1
Breville Precision Coffee Brewer,329.95,https://prima-coffee.com/equipment/breville/bdc450bss1bus1-brevi-sp,Breville,['Free Shipping'],0.0,https://cdn11.bigcommerce.com/s-6h7ychjk4/products/11312/images/95548/Breville-Precision-Brewer-WBG-1__08150.1697731559.1280.1280.jpg?c=1
Curtis ThermoPro One Gallon Stainless Vacuum Server,329.99,https://prima-coffee.com/equipment/curtis/txsg0101s600,Curtis,['Free Shipping'],0.0,https://cdn11.bigcommerce.com/s-6h7ychjk4/products/8434/images/90478/curtis-thermopro-one-gallon-server__62205.1597184513.1280.1280.jpg?c=1
Ratio Six Automatic Coffee Maker (V2),359.0,https://prima-coffee.com/equipment/ratio/r602-ftc-1-ratio-pp,Ratio,"['Free Shipping', 'Drop-Shipped']",0.0,https://cdn11.bigcommerce.com/s-6h7ychjk4/products/11342/images/95509/ratio6-white-A3_540x__31795.1716898830.1280.1280.jpg?c=1
Technivorm Moccamaster KBGV Select Automatic Coffee Maker (40oz),359.0,https://prima-coffee.com/equipment/technivorm/53937-techn-pp,Technivorm,"['Free Shipping', 'Drop-Shipped']",0.0,https://cdn11.bigcommerce.com/s-6h7ychjk4/products/11302/images/95223/Technivorm-Moccamaster-KBGV-WBG-3__74688.1692368484.1280.1280.jpg?c=1
"Curtis 1.0 Gallon Thermal Freshtracâ„¢ Dispenser without Base, and Wide Mouth Lid",389.99,https://prima-coffee.com/equipment/curtis/tft1g2-curti-sp,Curtis,['Free Shipping'],0.0,https://cdn11.bigcommerce.com/s-6h7ychjk4/products/11491/images/96572/TFT1G2_1__10538.1739455464.1280.1280.jpg?c=1
Technivorm Moccamaster CDT Grand Automatic Coffee Maker (60oz),395.0,https://prima-coffee.com/equipment/technivorm/39340-techn-sp,Technivorm,"['Free Shipping', 'Drop-shipped']",0.0,https://cdn11.bigcommerce.com/s-6h7ychjk4/products/11426/images/96102/MoccaMaster_Set_79318_CDT_Grand_BrushedSilver_3613-01-299980_2048x__89959.1712160476.1280.1280.png?c=1
Ground Control Starter Kit,399.0,https://prima-coffee.com/parts/voga/starter-kit-voga-sp,Voga,"['Out Of Stock', 'Drop-Shipped', 'Recommended']",0.0,https://cdn11.bigcommerce.com/s-6h7ychjk4/products/11071/images/94124/Ground_Control_Logo_copy__03305__90207.1652808045.1280.1280.jpg?c=1
NitroPress DS Nitro Dispenser,399.0,https://prima-coffee.com/equipment/hatfields-london/ds-home-nitro-sp,NitroPress,"['Out Of Stock', 'Free Shipping']",0.0,https://cdn11.bigcommerce.com/s-6h7ychjk4/products/11460/images/96496/DS_image_for_Prima__94373.1732292180.1280.1280.png?c=1
Fellow Aiden Precision Coffee Maker,399.95,https://prima-coffee.com/equipment/fellow-products/ebrmb-na-fe-pr-pp,Fellow Products,['Free Shipping'],0.0,https://cdn11.bigcommerce.com/s-6h7ychjk4/products/11466/images/96360/AidenBrewer_MB_PDP_Image1__22346.1724091385.1280.1280.jpg?c=1
Curtis GemX Gemini IntelliFresh FreshTrac 1.5 Gallon Satellite,429.99,https://prima-coffee.com/equipment/curtis/gem3xift,Curtis,['Free Shipping'],0.0,https://cdn11.bigcommerce.com/s-6h7ychjk4/products/9230/images/89022/gem3xift__60890.1597181123.1280.1280.jpg?c=1
Second Nitro Keg & Tap Kit,450.0,https://prima-coffee.com/equipment/kegco/nitro-conversion-kit,Kegco,['Free Shipping'],0.0,https://cdn11.bigcommerce.com/s-6h7ychjk4/products/8786/images/89828/nitro-kit-keger-front__86798.1597182867.1280.1280.jpg?c=1
Fetco TPD-15 - Luxus Thermal Dispenser - 1.5 Gallons,464.99,https://prima-coffee.com/equipment/fetco/d009,Fetco,['Free Shipping'],0.0,https://cdn11.bigcommerce.com/s-6h7ychjk4/products/8019/images/88628/fetco-tpd-15-thermal-dispenser__13753.1597180079.1280.1280.jpg?c=1
Yama Cold Coffee Brewer - 124 oz.,470.0,https://prima-coffee.com/equipment/yama/yamcdm25sbk-yama-pp,Yama,['Free Shipping'],0.0,https://cdn11.bigcommerce.com/s-6h7ychjk4/products/8522/images/90837/yama-cdm-wbg__60776.1618335322.1280.1280.jpg?c=1
Fetco L4S-10 - Luxus Thermal Coffee Dispenser - 1 Gallon,474.99,https://prima-coffee.com/equipment/fetco/d451,Fetco,['Free Shipping'],0.0,https://cdn11.bigcommerce.com/s-6h7ychjk4/products/8029/images/88638/fetco-l4s-10-thermal-dispenser__71231.1597180136.1280.1280.jpg?c=1
Fetco B00828002 21 in. x 7 in. Stainless Steel Brew Basket with Clips,499.99,https://prima-coffee.com/equipment/fetco/b00828002,Fetco,['Free Shipping'],0.0,https://cdn11.bigcommerce.com/s-6h7ychjk4/products/7875/images/88115/fetco-brew-basket-large-wbg-3__33260.1597178817.1280.1280.jpg?c=1
Fetco L4S-15 - Luxus Thermal Coffee Dispenser - 1.5 Gallons,499.99,https://prima-coffee.com/equipment/fetco/d452,Fetco,['Free Shipping'],0.0,https://cdn11.bigcommerce.com/s-6h7ychjk4/products/8030/images/88639/fetco-l4s-15-thermal-dispenser__24501.1597180147.1280.1280.jpg?c=1
Fetco B00828004 21 in. x 7 in. Stainless Steel Brew Basket,499.99,https://prima-coffee.com/equipment/fetco/b00828004,Fetco,['Free Shipping'],0.0,https://cdn11.bigcommerce.com/s-6h7ychjk4/products/7876/images/88118/fetco-brew-basket-large-wbg-3__46953.1597178824.1280.1280.jpg?c=1
Fetco L4D-10 - Luxus Thermal Dispenser - 1 Gallon,514.99,https://prima-coffee.com/equipment/fetco/d448,Fetco,['Free Shipping'],0.0,https://cdn11.bigcommerce.com/s-6h7ychjk4/products/8026/images/88635/fetco-l4d-10-thermal-dispenser__90042.1597180117.1280.1280.jpg?c=1
Fetco L4D-15 - Luxus Thermal Dispenser - 1.5 Gallons,544.99,https://prima-coffee.com/equipment/fetco/d449,Fetco,['Free Shipping'],0.0,https://cdn11.bigcommerce.com/s-6h7ychjk4/products/8027/images/88636/fetco-l4d-15-thermal-dispenser__91930.1597180122.1280.1280.jpg?c=1
Fetco TPD-30 - Luxus Thermal Dispenser - 3 Gallons,549.99,https://prima-coffee.com/equipment/fetco/d012,Fetco,['Free Shipping'],0.0,https://cdn11.bigcommerce.com/s-6h7ychjk4/products/8020/images/88629/fetco-tpd-30-thermal-dispenser__59972.1597180086.1280.1280.jpg?c=1
Fetco L4S-20 - Luxus Thermal Coffee Dispenser - 2 Gallons,559.99,https://prima-coffee.com/equipment/fetco/d453,Fetco,['Free Shipping'],0.0,https://cdn11.bigcommerce.com/s-6h7ychjk4/products/8031/images/88640/fetco-l4s-20-thermal-dispenser__89282.1597180154.1280.1280.jpg?c=1
Fetco L4D-20 - Luxus Thermal Coffee Dispenser - 2 Gallons,599.99,https://prima-coffee.com/equipment/fetco/d450,Fetco,['Free Shipping'],0.0,https://cdn11.bigcommerce.com/s-6h7ychjk4/products/8028/images/88637/fetco-l4d-20-thermal-dispenser__80892.1597180130.1280.1280.jpg?c=1
Acaia Orion Bean Doser,950.0,https://prima-coffee.com/equipment/acaia/ao101-acaia,Acaia,"['Out Of Stock', 'Free Shipping']",0.0,https://cdn11.bigcommerce.com/s-6h7ychjk4/products/7865/images/88068/acaia-orion-wbg-1__27839.1597178680.1280.1280.jpg?c=1
Fetco CBS-1221 Plus Airpot Brewer,1139.99,https://prima-coffee.com/equipment/fetco/CBS-1221-fetco-pp,Fetco,"['On Sale', 'Free Shipping']",1728.0,https://cdn11.bigcommerce.com/s-6h7ychjk4/products/10001/images/91354/2020-08-21-fetco-cbs-1221-extractor-plus-plastic-bb-right__61327.1605734662.1280.1280.png?c=1
Fetco CBS-1231 Plus Series Brewer - Single Station 3L or 1 Gallon,1354.99,https://prima-coffee.com/equipment/fetco/e1231us-1a115-pm011-fetco-pp,Fetco,"['On Sale', 'Drop-Shipped', 'Free Shipping']",2056.0,https://cdn11.bigcommerce.com/s-6h7ychjk4/products/11217/images/94828/2020-08-13_Fetco_CBS_1231_Extractor_Plus_front__91237.1677804943.1280.1280.png?c=1
Compact Nitro Coffee Kit,1424.99,https://prima-coffee.com/equipment/kegco/ick-19b-1,Kegco,['Free Shipping'],0.0,https://cdn11.bigcommerce.com/s-6h7ychjk4/products/8788/images/89201/nitro-kit-keger-side__95537.1597181551.1280.1280.jpg?c=1
Curtis G4 CGC Single Cup Brewer,1509.99,https://prima-coffee.com/equipment/curtis/cgc,Curtis,['Free Shipping'],0.0,https://cdn11.bigcommerce.com/s-6h7ychjk4/products/7986/images/88504/curtis-g4-cgc-single-cup-brewer__69639.1597179758.1280.1280.jpg?c=1
Curtis G4 ThermoPro One Gallon Single Coffee Brewer,1514.99,https://prima-coffee.com/equipment/curtis/g4tp1s63a3100,Curtis,"['On Sale', 'Free Shipping']",2346.0,https://cdn11.bigcommerce.com/s-6h7ychjk4/products/8114/images/89004/curtis-g4-one-gallon-brewer-single__30421.1597181046.1280.1280.jpg?c=1
Curtis G4 ThermoProX Single 1.0 Gal. Coffee Brewer,1619.99,https://prima-coffee.com/equipment/curtis/g4tpx1s63a3100-curti-sp,Curtis,"['Free Shipping', 'Drop Shipped']",0.0,https://cdn11.bigcommerce.com/s-6h7ychjk4/products/11506/images/96714/G4TPX1S63A3100__42184.1747920118.1280.1280.jpg?c=1
Fetco CBS-2231 NG Brewer - Single Station 1 Gallon,1634.99,https://prima-coffee.com/equipment/fetco/e2231us-fetco-pp,Fetco,"['On Sale', 'Drop-Shipped']",2482.0,https://cdn11.bigcommerce.com/s-6h7ychjk4/products/11295/images/95349/fetco-cbs-2231-ng-brewer-single-station-1-gallon__89835.1694438801.1280.1280.jpg?c=1
Fetco CBS-1232 Plus Series Brewer - Dual Station 3L or 1 Gallon,1664.99,https://prima-coffee.com/equipment/fetco/e1232us-1b230-pm010-fetco-pp,Fetco,"['On Sale', 'Drop-Shipped', 'Free Shipping']",2528.0,https://cdn11.bigcommerce.com/s-6h7ychjk4/products/11216/images/94835/2020-08-07_Fetco_CBS_1232_Extractor_Plus_front__86972.1746541622.1280.1280.png?c=1
Curtis G4 ThermoPro 1.5 Gallon Single Coffee Brewer,1689.99,https://prima-coffee.com/equipment/curtis/g4tp2s63a3100,Curtis,['Free Shipping'],0.0,https://cdn11.bigcommerce.com/s-6h7ychjk4/products/8116/images/89009/curtis-g4-one-half-gallon-brewer-single__05415.1597181061.1280.1280.jpg?c=1
Fetco CBS-1241 Plus Series Brewer - Single Station 1 Gallon,1694.99,https://prima-coffee.com/equipment/fetco/e1241us-1a115-pm011-fetco-pp,Fetco,"['On Sale', 'Free Shipping', 'Drop-Shipped']",2568.0,https://cdn11.bigcommerce.com/s-6h7ychjk4/products/11228/images/94836/CBS-1241_Plus_front__36136.1677861036.1280.1280.png?c=1
Marco ColdBRU Commercial Cold Brew Coffee Maker,1725.0,https://prima-coffee.com/equipment/marco/1001950us-marco-sp,Marco,"['Drop-Shipped', 'Free Shipping']",0.0,https://cdn11.bigcommerce.com/s-6h7ychjk4/products/11341/images/95502/DSC_0146__21732.1697806658.1280.1280.jpg?c=1
Curtis G4 ThermoPro One Gallon Twin Coffee Brewer,1859.99,https://prima-coffee.com/equipment/curtis/g4tp1t10a3100,Curtis,"['On Sale', 'Free Shipping']",2855.0,https://cdn11.bigcommerce.com/s-6h7ychjk4/products/8115/images/89006/curtis-g4-one-gallon-brewer-twin__39512.1597181055.1280.1280.jpg?c=1
Fetco CBS-2232 NG Brewer - Dual Station 1 Gallon,2044.99,https://prima-coffee.com/equipment/fetco/e2232us-fetco-pp,Fetco,"['On Sale', 'Drop-Shipped']",3104.0,https://cdn11.bigcommerce.com/s-6h7ychjk4/products/11296/images/95352/fetco-cbs-2232-ng-brewer-dual-station-1-gallon__35904.1694438805.1280.1280.jpg?c=1
Curtis G3 GemX Gemini IntelliFresh Single 1.5 Gallon Coffee Brewer with FreshTrac Satellite,2049.99,https://prima-coffee.com/equipment/curtis/gemxsift63a1000,Curtis,['Free Shipping'],0.0,https://cdn11.bigcommerce.com/s-6h7ychjk4/products/9229/images/89028/gemxsift63a1000__68201.1597181134.1280.1280.jpg?c=1
Fetco CBS-1251 Plus Series Brewer - Single Station 1.5 Gallon,2059.99,https://prima-coffee.com/equipment/fetco/e1251us-1b230-pm110-fetco-sp,Fetco,"['Free Shipping', 'Drop-Shipped']",0.0,https://cdn11.bigcommerce.com/s-6h7ychjk4/products/11226/images/94844/2020-08-13_Fetco_CBS_1251_Extractor_Plus_front__68862.1677861772.1280.1280.png?c=1
Curtis G4 ThermoProX Twin 1.0 Gal. Coffee Brewer,2109.99,https://prima-coffee.com/equipment/curtis/g4tpx1t10a3100-curti-sp,Curtis,"['Free Shipping', 'Drop Shipped']",0.0,https://cdn11.bigcommerce.com/s-6h7ychjk4/products/11505/images/96716/G4TPX1T10A3100_1__54020.1749235204.1280.1280.jpg?c=1
Fetco CBS-2241 NG Brewer - Single Station 1 Gallon,2154.99,https://prima-coffee.com/equipment/fetco/e2241us-fetco-pp,Fetco,"['On Sale', 'Drop-Shipped']",3276.0,https://cdn11.bigcommerce.com/s-6h7ychjk4/products/11286/images/95337/fetco-cbs-2241-ng-brewer-single-station-1-gallon__51990.1694438784.1280.1280.jpg?c=1
Fetco CBS-1242 Plus Series Brewer - Dual Station 1 Gallon,2214.99,https://prima-coffee.com/equipment/fetco/e1242us-1b230-pm010-fetco-pp,Fetco,"['On Sale', 'Free Shipping', 'Drop-Shipped']",3364.0,https://cdn11.bigcommerce.com/s-6h7ychjk4/products/11225/images/94843/CBS-1242_Plus_front__14806.1677861513.1280.1280.png?c=1
Curtis G4 GemX Gemini IntelliFresh Single 1.5 Gallon Coffee Brewer with FreshTrac Satellite,2349.99,https://prima-coffee.com/equipment/curtis/g4gemxsift63a1000,Curtis,['Free Shipping'],0.0,https://cdn11.bigcommerce.com/s-6h7ychjk4/products/9240/images/88996/g4gemxsift63a1000__06504.1597181032.1280.1280.jpg?c=1
"USED - EXCELLENT | Ground Control Commercial Cyclops Brewer - Black, 220V, 30 AMP",2500.0,https://prima-coffee.com/equipment/voga/ground-control-cyclops-us-e-sp,Voga,"['Out Of Stock', 'Free Shipping', 'Outlet']",0.0,https://cdn11.bigcommerce.com/s-6h7ychjk4/products/11504/images/96642/voga-ground-control-wbg-2__81288.1635517276.1280.1280__30902.1745859982.1280.1280.jpg?c=1
Curtis G4 ThermoProX Twin 1.5 Gal. Coffee Brewer,2509.99,https://prima-coffee.com/equipment/curtis/g4tpx2t10a3100-curti-sp,Curtis,"['Free Shipping', 'Drop Shipped']",0.0,https://cdn11.bigcommerce.com/s-6h7ychjk4/products/11507/images/96715/G4TPX2T10A3100_1__11999.1747920224.1280.1280.jpg?c=1
Fetco CBS-2251 NG Brewer - Single Station 1.5 Gallon,2524.99,https://prima-coffee.com/equipment/fetco/e2251us-fetco-pp,Fetco,"['On Sale', 'Drop-Shipped']",3836.0,https://cdn11.bigcommerce.com/s-6h7ychjk4/products/11289/images/95301/e2251_front__81229.1693311966.1280.1280.png?c=1
Curtis G4 ThermoPro 1.5 Gallon Twin Coffee Brewer,2529.99,https://prima-coffee.com/equipment/curtis/g4tp2t10a3100,Curtis,['Free Shipping'],0.0,https://cdn11.bigcommerce.com/s-6h7ychjk4/products/8117/images/91670/G4TP2T10A3100__79542.1613503458.1280.1280.jpg?c=1
Fetco CBS-2242 NG Brewer - Dual Station Station 1 Gallon,2749.99,https://prima-coffee.com/equipment/fetco/e2242us-fetco-pp,Fetco,"['On Sale', 'Drop-Shipped']",4176.0,https://cdn11.bigcommerce.com/s-6h7ychjk4/products/11288/images/95298/e2242_front__57511.1694019112.1280.1280.png?c=1
Fetco CBS-1252 Plus Series Brewer - Dual Station 1.5 Gallon,2924.99,https://prima-coffee.com/equipment/fetco/e1252us-ub230-pm110-fetco-pp,Fetco,"['On Sale', 'Free Shipping', 'Drop-Shipped']",4446.0,https://cdn11.bigcommerce.com/s-6h7ychjk4/products/11227/images/94851/2020-08-07_Fetco_CBS_1252_Extractor_Plus_front__47102.1677862056.1280.1280.png?c=1
Curtis G3 GemX Gemini IntelliFresh Twin 1.5 Gallon Coffee Brewer with FreshTrac Satellites,3159.99,https://prima-coffee.com/equipment/curtis/gemxtift10a1000,Curtis,['Free Shipping'],0.0,https://cdn11.bigcommerce.com/s-6h7ychjk4/products/9231/images/89031/gemxtift10a1000__48808.1597181138.1280.1280.jpg?c=1
Fetco CBS-2252 NG Brewer - Dual Station 1.5 Gallon,3344.99,https://prima-coffee.com/equipment/fetco/e2252us-fetco-pp,Fetco,"['On Sale', 'Drop-Shipped']",5082.0,https://cdn11.bigcommerce.com/s-6h7ychjk4/products/11290/images/95306/e2252_front__84609.1693312260.1280.1280.png?c=1
Curtis G4 GemX Gemini IntelliFresh Twin 1.5 Gallon Coffee Brewer with FreshTrac Satellites,3379.99,https://prima-coffee.com/equipment/curtis/g4gemxtift10a1000,Curtis,['Free Shipping'],0.0,https://cdn11.bigcommerce.com/s-6h7ychjk4/products/9228/images/89000/g4gemxtift10a1000__60947.1597181037.1280.1280.jpg?c=1
Marco POUR'D 3-Button Beverage Dispenser,3555.0,https://prima-coffee.com/equipment/marco/5001940c3b-marco-sp,Marco,"['Free Shipping', 'Drop-Shipped']",0.0,https://cdn11.bigcommerce.com/s-6h7ychjk4/products/11310/images/95332/Marco-POUR-D-3-Button-Beverage-Dispenser__08515.1694094212.1280.1280.png?c=1
Turbo Air TBD-2SBD-N6 - Black Two Half Barrel Kegs Beer Dispenser,3889.99,https://prima-coffee.com/equipment/turbo-air/tbd-2sbd-n6,Turbo Air,['Free Shipping'],0.0,https://cdn11.bigcommerce.com/s-6h7ychjk4/products/8407/images/90395/tbd-2sb-n6-left__46226.1626678740.1280.1280.jpg?c=1
Fetco CBS-2262 NG Brewer - Dual Station 3 Gallon,4679.99,https://prima-coffee.com/equipment/fetco/e2262us-fetco-pp,Fetco,"['On Sale', 'Drop-Shipped']",7114.0,https://cdn11.bigcommerce.com/s-6h7ychjk4/products/11291/images/95312/e2262_front__98423.1694020160.1280.1280.png?c=1
Marco SP9 Coffee Brewers | Single or Twin Brew Head,5551.0,https://prima-coffee.com/equipment/marco/1000832us-marco-pp,Marco,"['Free Shipping', 'Drop-Shipped']",0.0,https://cdn11.bigcommerce.com/s-6h7ychjk4/products/7605/images/87305/marco-sp9-WBG-front-angle__30661.1617647014.1280.1280.jpg?c=1
Ground Control Commercial Coffee Brewer,10900.0,https://prima-coffee.com/equipment/voga/grnd-cntrl-cyclps-voga-sp,Voga,"['Out Of Stock', 'Free Shipping']",0.0,https://cdn11.bigcommerce.com/s-6h7ychjk4/products/10235/images/92288/voga-ground-control-wbg-2__81288.1635517276.1280.1280.jpg?c=1
